<?xml version="1.0" encoding="UTF-8" standalone="yes"?>
<list  version="8.0.0" minorVersion="12" exportUser="KHOBDAY" exportDateTime="11/08/2016 01:59 PM" description="MasterScripts Prior to Upgrade"><agencyEvent><eventName>ApplicationSpecificInfoUpdateAfter</eventName><serviceProviderCode>ASHEVILLE</serviceProviderCode><auditModel><auditDate>2013-11-03T17:50:15.753-05:00</auditDate><auditID>KHOBDAY</auditID><auditStatus>A</auditStatus></auditModel><event><name>ApplicationSpecificInfoUpdateAfter</name><auditModel><auditDate>2002-12-08T23:40:54-05:00</auditDate><auditID>ADMIN</auditID><auditStatus>A</auditStatus></auditModel><description>This event occurs after an Application Specific Information is updated.</description><udf1></udf1><udf2></udf2><udf3></udf3><udf4></udf4><udf5></udf5></event><scriptName>ApplicationSpecificInfoUpdateAfter</scriptName><udf1>MASTER SCRIPT - 7.2.0</udf1></agencyEvent>
<agencyEvent><eventName>ApplicationSubmitAfter</eventName><serviceProviderCode>ASHEVILLE</serviceProviderCode><auditModel><auditDate>2013-08-28T12:45:16.660-04:00</auditDate><auditID>KHOBDAY</auditID><auditStatus>A</auditStatus></auditModel><event><name>ApplicationSubmitAfter</name><auditModel><auditDate>2002-03-15T14:09:19-05:00</auditDate><auditID>ACCELA</auditID><auditStatus>A</auditStatus></auditModel><description>This event occurs after an application is created.</description><udf1></udf1><udf2></udf2><udf3></udf3><udf4></udf4><udf5></udf5></event><scriptName>ApplicationSubmitAfter</scriptName><udf1>MASTER SCRIPT - 7.2.0</udf1></agencyEvent>
<agencyEvent><eventName>ApplicationSubmitBefore</eventName><serviceProviderCode>ASHEVILLE</serviceProviderCode><auditModel><auditDate>2013-10-31T22:42:51.187-04:00</auditDate><auditID>KHOBDAY</auditID><auditStatus>A</auditStatus></auditModel><event><name>ApplicationSubmitBefore</name><auditModel><auditDate>2002-03-15T14:09:20-05:00</auditDate><auditID>ACCELA</auditID><auditStatus>A</auditStatus></auditModel><description>This event occurs before an application is created.</description><udf1></udf1><udf2></udf2><udf3></udf3><udf4></udf4><udf5></udf5></event><scriptName>ApplicationSubmitBefore</scriptName><udf1>MASTER SCRIPT - 7.2.0</udf1></agencyEvent>
<agencyEvent><eventName>ContactAddAfter</eventName><serviceProviderCode>ASHEVILLE</serviceProviderCode><auditModel><auditDate>2013-06-27T15:24:26.060-04:00</auditDate><auditID>KHOBDAY</auditID><auditStatus>A</auditStatus></auditModel><event><name>ContactAddAfter</name><auditModel><auditDate>2004-01-14T09:29:51-05:00</auditDate><auditID>ADMIN</auditID><auditStatus>A</auditStatus></auditModel><description>This event occurs after a contact is added.</description><udf1></udf1><udf2></udf2><udf3></udf3><udf4></udf4><udf5></udf5></event><scriptName>ContactAddAfter</scriptName><udf1>MASTER SCRIPT - 7.2.0</udf1></agencyEvent>
<agencyEvent><eventName>ConvertToRealCAPAfter</eventName><serviceProviderCode>ASHEVILLE</serviceProviderCode><auditModel><auditDate>2013-09-28T23:01:37.927-04:00</auditDate><auditID>KHOBDAY</auditID><auditStatus>A</auditStatus></auditModel><event><name>ConvertToRealCAPAfter</name><auditModel><auditDate>2008-12-04T09:50:20-05:00</auditDate><auditID>ADMIN</auditID><auditStatus>A</auditStatus></auditModel><description>This event occurs after convert partial cap ID to real cap ID in ACA.</description><udf1></udf1><udf2></udf2><udf3></udf3><udf4></udf4><udf5></udf5></event><scriptName>ConvertToRealCapAfter</scriptName><udf1>MASTER SCRIPT - 7.2.0</udf1></agencyEvent>
<agencyEvent><eventName>FeeAssessAfter</eventName><serviceProviderCode>ASHEVILLE</serviceProviderCode><auditModel><auditDate>2013-01-17T11:29:00.963-05:00</auditDate><auditID>KHOBDAY</auditID><auditStatus>A</auditStatus></auditModel><event><name>FeeAssessAfter</name><auditModel><auditDate>2002-06-19T18:12:32-04:00</auditDate><auditID>ACCELA</auditID><auditStatus>A</auditStatus></auditModel><description>This event occurs after the application fee is assessed.</description><udf1></udf1><udf2></udf2><udf3></udf3><udf4></udf4><udf5></udf5></event><scriptName>FEEASSESSAFTER</scriptName></agencyEvent>
<agencyEvent><eventName>InspectionCancelAfter</eventName><serviceProviderCode>ASHEVILLE</serviceProviderCode><auditModel><auditDate>2015-10-05T22:26:11.773-04:00</auditDate><auditID>KHOBDAY</auditID><auditStatus>A</auditStatus></auditModel><event><name>InspectionCancelAfter</name><auditModel><auditDate>2011-12-05T13:29:09.637-05:00</auditDate><auditID>ACCELA</auditID><auditStatus>A</auditStatus></auditModel><description>This event occurs after one or multiple inspections are canceled.</description><udf1></udf1><udf2></udf2><udf3></udf3><udf4></udf4><udf5></udf5></event><scriptName>UniversalMasterScript</scriptName><udf1>MASTER SCRIPT - 7.3.3.4.0</udf1></agencyEvent>
<agencyEvent><eventName>InspectionMultipleScheduleAfter</eventName><serviceProviderCode>ASHEVILLE</serviceProviderCode><auditModel><auditDate>2013-06-13T00:50:42.450-04:00</auditDate><auditID>KHOBDAY</auditID><auditStatus>A</auditStatus></auditModel><event><name>InspectionMultipleScheduleAfter</name><auditModel><auditDate>2009-11-09T15:45:08-05:00</auditDate><auditID>ADMIN</auditID><auditStatus>A</auditStatus></auditModel><description>This event occurs after one or multiple inspections are scheduled for Manage Inspection.</description><udf1></udf1><udf2></udf2><udf3></udf3><udf4></udf4><udf5></udf5></event><scriptName>InspectionMultipleScheduleAfter</scriptName><udf1>MASTER SCRIPT - 7.2.0</udf1></agencyEvent>
<agencyEvent><eventName>InspectionMultipleScheduleBefore</eventName><serviceProviderCode>ASHEVILLE</serviceProviderCode><auditModel><auditDate>2015-11-13T14:33:28.647-05:00</auditDate><auditID>DHOOPS</auditID><auditStatus>A</auditStatus></auditModel><event><name>InspectionMultipleScheduleBefore</name><auditModel><auditDate>2009-11-09T15:45:08-05:00</auditDate><auditID>ADMIN</auditID><auditStatus>A</auditStatus></auditModel><description>This event occurs before one or multiple inspections are scheduled for Manage Inspection.</description><udf1></udf1><udf2></udf2><udf3></udf3><udf4></udf4><udf5></udf5></event><scriptName>InspectionMultipleScheduleBefore</scriptName><udf1>MASTER SCRIPT - 7.2.0</udf1></agencyEvent>
<agencyEvent><eventName>InspectionResultSubmitAfter</eventName><serviceProviderCode>ASHEVILLE</serviceProviderCode><auditModel><auditDate>2013-11-14T17:47:55.327-05:00</auditDate><auditID>KHOBDAY</auditID><auditStatus>A</auditStatus></auditModel><event><name>InspectionResultSubmitAfter</name><auditModel><auditDate>2002-03-15T14:09:23-05:00</auditDate><auditID>ACCELA</auditID><auditStatus>A</auditStatus></auditModel><description>This event occurs after inspection result is entered.</description><udf1></udf1><udf2></udf2><udf3></udf3><udf4></udf4><udf5></udf5></event><scriptName>InspectionResultSubmitAfter</scriptName><udf1>MASTER SCRIPT - 7.2.0</udf1></agencyEvent>
<agencyEvent><eventName>InspectionScheduleAfter</eventName><serviceProviderCode>ASHEVILLE</serviceProviderCode><auditModel><auditDate>2013-06-13T00:41:27.163-04:00</auditDate><auditID>KHOBDAY</auditID><auditStatus>A</auditStatus></auditModel><event><name>InspectionScheduleAfter</name><auditModel><auditDate>2002-03-15T14:09:32-05:00</auditDate><auditID>ACCELA</auditID><auditStatus>A</auditStatus></auditModel><description>This event occurs after one or multiple inspections are scheduled.</description><udf1></udf1><udf2></udf2><udf3></udf3><udf4></udf4><udf5></udf5></event><scriptName>InspectionScheduleAfter</scriptName><udf1>MASTER SCRIPT - 7.2.0</udf1></agencyEvent>
<agencyEvent><eventName>InspectionScheduleBefore</eventName><serviceProviderCode>ASHEVILLE</serviceProviderCode><auditModel><auditDate>2013-09-24T15:05:18.673-04:00</auditDate><auditID>KHOBDAY</auditID><auditStatus>A</auditStatus></auditModel><event><name>InspectionScheduleBefore</name><auditModel><auditDate>2002-03-15T14:09:33-05:00</auditDate><auditID>ACCELA</auditID><auditStatus>A</auditStatus></auditModel><description>This event occurs before one or multiple inspections are scheduled.</description><udf1></udf1><udf2></udf2><udf3></udf3><udf4></udf4><udf5></udf5></event><scriptName>InspectionScheduleBefore</scriptName><udf1>MASTER SCRIPT - 7.2.0</udf1></agencyEvent>
<agencyEvent><eventName>LicProfAddAfter</eventName><serviceProviderCode>ASHEVILLE</serviceProviderCode><auditModel><auditDate>2013-03-15T01:07:29.417-04:00</auditDate><auditID>KHOBDAY</auditID><auditStatus>A</auditStatus></auditModel><event><name>LicProfAddAfter</name><auditModel><auditDate>2008-12-04T09:52:53-05:00</auditDate><auditID>ADMIN</auditID><auditStatus>A</auditStatus></auditModel><description>This event occurs after add a license professional.</description><udf1></udf1><udf2></udf2><udf3></udf3><udf4></udf4><udf5></udf5></event><scriptName>UniversalMasterScript</scriptName><udf1>MASTER SCRIPT - 7.2.0</udf1></agencyEvent>
<agencyEvent><eventName>LicProfLookUpSubmitAfter</eventName><serviceProviderCode>ASHEVILLE</serviceProviderCode><auditModel><auditDate>2013-03-20T00:58:40.137-04:00</auditDate><auditID>KHOBDAY</auditID><auditStatus>A</auditStatus></auditModel><event><name>LicProfLookUpSubmitAfter</name><auditModel><auditDate>2008-12-04T09:52:53-05:00</auditDate><auditID>ADMIN</auditID><auditStatus>A</auditStatus></auditModel><description>This event occurs after adding a ref license to a cap.</description><udf1></udf1><udf2></udf2><udf3></udf3><udf4></udf4><udf5></udf5></event><scriptName>LICPROFLOOKUPSUBMITAFTER</scriptName></agencyEvent>
<agencyEvent><eventName>PaymentReceiveAfter</eventName><serviceProviderCode>ASHEVILLE</serviceProviderCode><auditModel><auditDate>2015-08-26T14:09:30.147-04:00</auditDate><auditID>DMEEK</auditID><auditStatus>A</auditStatus></auditModel><event><name>PaymentReceiveAfter</name><auditModel><auditDate>2002-03-15T14:09:24-05:00</auditDate><auditID>ACCELA</auditID><auditStatus>A</auditStatus></auditModel><description>This event occurs after payment allocation is recorded.</description><udf1></udf1><udf2></udf2><udf3></udf3><udf4></udf4><udf5></udf5></event><scriptName>PaymentReceiveAfter</scriptName><udf1>MASTER SCRIPT - 7.3.3.4.0</udf1></agencyEvent>
<agencyEvent><eventName>V360InspectionResultSubmitAfter</eventName><serviceProviderCode>ASHEVILLE</serviceProviderCode><auditModel><auditDate>2013-06-16T01:27:29.190-04:00</auditDate><auditID>KHOBDAY</auditID><auditStatus>A</auditStatus></auditModel><event><name>V360InspectionResultSubmitAfter</name><auditModel><auditDate>2008-02-16T19:36:39-05:00</auditDate><auditID>ADMIN</auditID><auditStatus>A</auditStatus></auditModel><description>This event occurs after result inspection.</description><udf1></udf1><udf2></udf2><udf3></udf3><udf4></udf4><udf5></udf5></event><scriptName>V360InspectionResultSubmitAfter</scriptName><udf1>MASTER SCRIPT - 7.2.0</udf1></agencyEvent>
<agencyEvent><eventName>V360InspectionResultSubmitBefore</eventName><serviceProviderCode>ASHEVILLE</serviceProviderCode><auditModel><auditDate>2013-06-13T01:42:14.150-04:00</auditDate><auditID>KHOBDAY</auditID><auditStatus>A</auditStatus></auditModel><event><name>V360InspectionResultSubmitBefore</name><auditModel><auditDate>2008-02-16T19:36:39-05:00</auditDate><auditID>ADMIN</auditID><auditStatus>A</auditStatus></auditModel><description>This event occurs before result inspection.</description><udf1></udf1><udf2></udf2><udf3></udf3><udf4></udf4><udf5></udf5></event><scriptName>V360InspectionResultSubmitBefore</scriptName><udf1>MASTER SCRIPT - 7.2.0</udf1></agencyEvent>
<agencyEvent><eventName>VoidFeeAfter</eventName><serviceProviderCode>ASHEVILLE</serviceProviderCode><auditModel><auditDate>2012-09-18T10:24:31.187-04:00</auditDate><auditID>KHOBDAY</auditID><auditStatus>A</auditStatus></auditModel><event><name>VoidFeeAfter</name><auditModel><auditDate>2006-12-06T11:33:17-05:00</auditDate><auditID>ADMIN</auditID><auditStatus>A</auditStatus></auditModel><description>This event occurs after voiding fee(manually or automatically)</description><udf1></udf1><udf2></udf2><udf3></udf3><udf4></udf4><udf5></udf5></event><scriptName>VOIDFEEAFTER</scriptName></agencyEvent>
<agencyEvent><eventName>WorkflowAdhocTaskUpdateAfter</eventName><serviceProviderCode>ASHEVILLE</serviceProviderCode><auditModel><auditDate>2013-10-11T00:47:46.947-04:00</auditDate><auditID>KHOBDAY</auditID><auditStatus>A</auditStatus></auditModel><event><name>WorkflowAdhocTaskUpdateAfter</name><auditModel><auditDate>2006-12-06T11:33:05-05:00</auditDate><auditID>ADMIN</auditID><auditStatus>A</auditStatus></auditModel><description>This event occurs after a adhoc workflow task is updated.</description><udf1></udf1><udf2></udf2><udf3></udf3><udf4></udf4><udf5></udf5></event><scriptName>WorkflowTaskUpdateAfter</scriptName><udf1>MASTER SCRIPT - 7.2.0</udf1></agencyEvent>
<agencyEvent><eventName>WorkflowTaskUpdateAfter</eventName><serviceProviderCode>ASHEVILLE</serviceProviderCode><auditModel><auditDate>2013-06-18T11:57:22.487-04:00</auditDate><auditID>KHOBDAY</auditID><auditStatus>A</auditStatus></auditModel><event><name>WorkflowTaskUpdateAfter</name><auditModel><auditDate>2002-03-15T14:09:29-05:00</auditDate><auditID>ACCELA</auditID><auditStatus>A</auditStatus></auditModel><description>This event occurs after a workflow task is updated.</description><udf1></udf1><udf2></udf2><udf3></udf3><udf4></udf4><udf5></udf5></event><scriptName>WorkflowTaskUpdateAfter</scriptName><udf1>MASTER SCRIPT - 7.2.0</udf1></agencyEvent>
<agencyEvent><eventName>WorkflowTaskUpdateBefore</eventName><serviceProviderCode>ASHEVILLE</serviceProviderCode><auditModel><auditDate>2013-06-18T11:57:54.337-04:00</auditDate><auditID>KHOBDAY</auditID><auditStatus>A</auditStatus></auditModel><event><name>WorkflowTaskUpdateBefore</name><auditModel><auditDate>2002-03-15T14:09:30-05:00</auditDate><auditID>ACCELA</auditID><auditStatus>A</auditStatus></auditModel><description>This event occurs before a workflow task is updated.</description><udf1></udf1><udf2></udf2><udf3></udf3><udf4></udf4><udf5></udf5></event><scriptName>WorkflowTaskUpdateBefore</scriptName><udf1>MASTER SCRIPT - 7.2.0</udf1></agencyEvent>
</list>