<?xml version="1.0" encoding="UTF-8" standalone="yes"?>
<list  version="8.0.0" minorVersion="11" exportUser="ADMIN" exportDateTime="01/11/2016 04:23 PM" description="null"><standardChoice refId="1@StandardChoiceModel"><name>EMSE_VARIABLE_BRANCH_PREFIX</name><serviceProviderCode>SCRIPT20</serviceProviderCode><auditModel><auditDate>2015-09-03T13:34:24-07:00</auditDate><auditID>ADMIN</auditID><auditStatus>A</auditStatus></auditModel><standardChoiceValueModels><standardChoiceValue refId="2@StandardChoiceValueModel"><sequenceNBR>105005859</sequenceNBR><serviceProviderCode>SCRIPT20</serviceProviderCode><auditModel><auditDate>2015-09-03T13:34:24-07:00</auditDate><auditID>ADMIN</auditID><auditStatus>A</auditStatus></auditModel><description>RIUA</description><standardChoiceName>EMSE_VARIABLE_BRANCH_PREFIX</standardChoiceName><standardChoiceValueI18NModels/><value>RenewalInfoUpdateAfter</value></standardChoiceValue><standardChoiceValue refId="3@StandardChoiceValueModel"><sequenceNBR>105005860</sequenceNBR><serviceProviderCode>SCRIPT20</serviceProviderCode><auditModel><auditDate>2015-09-03T13:34:24-07:00</auditDate><auditID>ADMIN</auditID><auditStatus>A</auditStatus></auditModel><description>WTUA</description><standardChoiceName>EMSE_VARIABLE_BRANCH_PREFIX</standardChoiceName><standardChoiceValueI18NModels/><value>WorkflowAdhocTaskUpdateAfter</value></standardChoiceValue><standardChoiceValue refId="4@StandardChoiceValueModel"><sequenceNBR>105005861</sequenceNBR><serviceProviderCode>SCRIPT20</serviceProviderCode><auditModel><auditDate>2015-09-03T13:34:24-07:00</auditDate><auditID>ADMIN</auditID><auditStatus>A</auditStatus></auditModel><description>EUA</description><standardChoiceName>EMSE_VARIABLE_BRANCH_PREFIX</standardChoiceName><standardChoiceValueI18NModels/><value>ExaminationUpdateAfter</value></standardChoiceValue><standardChoiceValue refId="5@StandardChoiceValueModel"><sequenceNBR>105005862</sequenceNBR><serviceProviderCode>SCRIPT20</serviceProviderCode><auditModel><auditDate>2015-09-03T13:34:24-07:00</auditDate><auditID>ADMIN</auditID><auditStatus>A</auditStatus></auditModel><description>EUB</description><standardChoiceName>EMSE_VARIABLE_BRANCH_PREFIX</standardChoiceName><standardChoiceValueI18NModels/><value>ExaminationUpdateBefore</value></standardChoiceValue><standardChoiceValue refId="6@StandardChoiceValueModel"><sequenceNBR>105005863</sequenceNBR><serviceProviderCode>SCRIPT20</serviceProviderCode><auditModel><auditDate>2015-09-03T13:34:24-07:00</auditDate><auditID>ADMIN</auditID><auditStatus>A</auditStatus></auditModel><description>IRSA</description><standardChoiceName>EMSE_VARIABLE_BRANCH_PREFIX</standardChoiceName><standardChoiceValueI18NModels/><value>InspectionResultModifyAfter</value></standardChoiceValue><standardChoiceValue refId="7@StandardChoiceValueModel"><sequenceNBR>105005864</sequenceNBR><serviceProviderCode>SCRIPT20</serviceProviderCode><auditModel><auditDate>2015-09-03T13:34:24-07:00</auditDate><auditID>ADMIN</auditID><auditStatus>A</auditStatus></auditModel><description>IRSA</description><standardChoiceName>EMSE_VARIABLE_BRANCH_PREFIX</standardChoiceName><standardChoiceValueI18NModels/><value>InspectionResultSubmitAfter</value></standardChoiceValue><standardChoiceValue refId="8@StandardChoiceValueModel"><sequenceNBR>105005865</sequenceNBR><serviceProviderCode>SCRIPT20</serviceProviderCode><auditModel><auditDate>2015-09-03T13:34:24-07:00</auditDate><auditID>ADMIN</auditID><auditStatus>A</auditStatus></auditModel><description>IRSA</description><standardChoiceName>EMSE_VARIABLE_BRANCH_PREFIX</standardChoiceName><standardChoiceValueI18NModels/><value>V360InspectionResultSubmitAfter</value></standardChoiceValue><standardChoiceValue refId="9@StandardChoiceValueModel"><sequenceNBR>105005866</sequenceNBR><serviceProviderCode>SCRIPT20</serviceProviderCode><auditModel><auditDate>2015-09-03T13:34:24-07:00</auditDate><auditID>ADMIN</auditID><auditStatus>A</auditStatus></auditModel><description>WTUA</description><standardChoiceName>EMSE_VARIABLE_BRANCH_PREFIX</standardChoiceName><standardChoiceValueI18NModels/><value>WorkflowTaskUpdateAfter</value></standardChoiceValue><standardChoiceValue refId="10@StandardChoiceValueModel"><sequenceNBR>105005867</sequenceNBR><serviceProviderCode>SCRIPT20</serviceProviderCode><auditModel><auditDate>2015-09-03T13:34:24-07:00</auditDate><auditID>ADMIN</auditID><auditStatus>A</auditStatus></auditModel><description>ACAA</description><standardChoiceName>EMSE_VARIABLE_BRANCH_PREFIX</standardChoiceName><standardChoiceValueI18NModels/><value>ApplicationConditionAddAfter</value></standardChoiceValue><standardChoiceValue refId="11@StandardChoiceValueModel"><sequenceNBR>105005858</sequenceNBR><serviceProviderCode>SCRIPT20</serviceProviderCode><auditModel><auditDate>2015-09-03T13:34:24-07:00</auditDate><auditID>ADMIN</auditID><auditStatus>A</auditStatus></auditModel><description>PRA</description><standardChoiceName>EMSE_VARIABLE_BRANCH_PREFIX</standardChoiceName><standardChoiceValueI18NModels/><value>PaymentReceiveAfter</value></standardChoiceValue><standardChoiceValue refId="12@StandardChoiceValueModel"><sequenceNBR>105005888</sequenceNBR><serviceProviderCode>SCRIPT20</serviceProviderCode><auditModel><auditDate>2015-09-03T13:34:24-07:00</auditDate><auditID>ADMIN</auditID><auditStatus>A</auditStatus></auditModel><description>PAA</description><standardChoiceName>EMSE_VARIABLE_BRANCH_PREFIX</standardChoiceName><standardChoiceValueI18NModels/><value>V360ParcelAddAfter</value></standardChoiceValue><standardChoiceValue refId="13@StandardChoiceValueModel"><sequenceNBR>105005868</sequenceNBR><serviceProviderCode>SCRIPT20</serviceProviderCode><auditModel><auditDate>2015-09-03T13:34:24-07:00</auditDate><auditID>ADMIN</auditID><auditStatus>A</auditStatus></auditModel><description>ACDA</description><standardChoiceName>EMSE_VARIABLE_BRANCH_PREFIX</standardChoiceName><standardChoiceValueI18NModels/><value>ApplicationConditionDeleteAfter</value></standardChoiceValue><standardChoiceValue refId="14@StandardChoiceValueModel"><sequenceNBR>105005869</sequenceNBR><serviceProviderCode>SCRIPT20</serviceProviderCode><auditModel><auditDate>2015-09-03T13:34:24-07:00</auditDate><auditID>ADMIN</auditID><auditStatus>A</auditStatus></auditModel><description>ACUA</description><standardChoiceName>EMSE_VARIABLE_BRANCH_PREFIX</standardChoiceName><standardChoiceValueI18NModels/><value>ApplicationConditionOfApprovalUpdateAfter</value></standardChoiceValue><standardChoiceValue refId="15@StandardChoiceValueModel"><sequenceNBR>105005870</sequenceNBR><serviceProviderCode>SCRIPT20</serviceProviderCode><auditModel><auditDate>2015-09-03T13:34:24-07:00</auditDate><auditID>ADMIN</auditID><auditStatus>A</auditStatus></auditModel><description>ACUA</description><standardChoiceName>EMSE_VARIABLE_BRANCH_PREFIX</standardChoiceName><standardChoiceValueI18NModels/><value>ApplicationConditionUpdateAfter</value></standardChoiceValue><standardChoiceValue refId="16@StandardChoiceValueModel"><sequenceNBR>105005871</sequenceNBR><serviceProviderCode>SCRIPT20</serviceProviderCode><auditModel><auditDate>2015-09-03T13:34:24-07:00</auditDate><auditID>ADMIN</auditID><auditStatus>A</auditStatus></auditModel><description>ADUA</description><standardChoiceName>EMSE_VARIABLE_BRANCH_PREFIX</standardChoiceName><standardChoiceValueI18NModels/><value>ApplicationDetailUpdateAfter</value></standardChoiceValue><standardChoiceValue refId="17@StandardChoiceValueModel"><sequenceNBR>105005872</sequenceNBR><serviceProviderCode>SCRIPT20</serviceProviderCode><auditModel><auditDate>2015-09-03T13:34:24-07:00</auditDate><auditID>ADMIN</auditID><auditStatus>A</auditStatus></auditModel><description>ASIUA</description><standardChoiceName>EMSE_VARIABLE_BRANCH_PREFIX</standardChoiceName><standardChoiceValueI18NModels/><value>ApplicationSpecificInfoUpdateAfter</value></standardChoiceValue><standardChoiceValue refId="18@StandardChoiceValueModel"><sequenceNBR>105005873</sequenceNBR><serviceProviderCode>SCRIPT20</serviceProviderCode><auditModel><auditDate>2015-09-03T13:34:24-07:00</auditDate><auditID>ADMIN</auditID><auditStatus>A</auditStatus></auditModel><description>ASUA</description><standardChoiceName>EMSE_VARIABLE_BRANCH_PREFIX</standardChoiceName><standardChoiceValueI18NModels/><value>ApplicationStatusUpdateAfter</value></standardChoiceValue><standardChoiceValue refId="19@StandardChoiceValueModel"><sequenceNBR>105005874</sequenceNBR><serviceProviderCode>SCRIPT20</serviceProviderCode><auditModel><auditDate>2015-09-03T13:34:24-07:00</auditDate><auditID>ADMIN</auditID><auditStatus>A</auditStatus></auditModel><description>DUA</description><standardChoiceName>EMSE_VARIABLE_BRANCH_PREFIX</standardChoiceName><standardChoiceValueI18NModels/><value>DocumentUploadAfter</value></standardChoiceValue><standardChoiceValue refId="20@StandardChoiceValueModel"><sequenceNBR>105005875</sequenceNBR><serviceProviderCode>SCRIPT20</serviceProviderCode><auditModel><auditDate>2015-09-03T13:34:24-07:00</auditDate><auditID>ADMIN</auditID><auditStatus>A</auditStatus></auditModel><description>ASB</description><standardChoiceName>EMSE_VARIABLE_BRANCH_PREFIX</standardChoiceName><standardChoiceValueI18NModels/><value>ApplicationSubmitBefore</value></standardChoiceValue><standardChoiceValue refId="21@StandardChoiceValueModel"><sequenceNBR>105005876</sequenceNBR><serviceProviderCode>SCRIPT20</serviceProviderCode><auditModel><auditDate>2015-09-03T13:34:24-07:00</auditDate><auditID>ADMIN</auditID><auditStatus>A</auditStatus></auditModel><description>ASA</description><standardChoiceName>EMSE_VARIABLE_BRANCH_PREFIX</standardChoiceName><standardChoiceValueI18NModels/><value>ApplicationSubmitAfter</value></standardChoiceValue><standardChoiceValue refId="22@StandardChoiceValueModel"><sequenceNBR>105005877</sequenceNBR><serviceProviderCode>SCRIPT20</serviceProviderCode><auditModel><auditDate>2015-09-03T13:34:24-07:00</auditDate><auditID>ADMIN</auditID><auditStatus>A</auditStatus></auditModel><description>CTRCA</description><standardChoiceName>EMSE_VARIABLE_BRANCH_PREFIX</standardChoiceName><standardChoiceValueI18NModels/><value>ConvertToRealCAPAfter</value></standardChoiceValue><standardChoiceValue refId="23@StandardChoiceValueModel"><sequenceNBR>105005878</sequenceNBR><serviceProviderCode>SCRIPT20</serviceProviderCode><auditModel><auditDate>2015-09-03T13:34:24-07:00</auditDate><auditID>ADMIN</auditID><auditStatus>A</auditStatus></auditModel><description>WTUB</description><standardChoiceName>EMSE_VARIABLE_BRANCH_PREFIX</standardChoiceName><standardChoiceValueI18NModels/><value>WorkflowTaskUpdateBefore</value></standardChoiceValue><standardChoiceValue refId="24@StandardChoiceValueModel"><sequenceNBR>105005879</sequenceNBR><serviceProviderCode>SCRIPT20</serviceProviderCode><auditModel><auditDate>2015-09-03T13:34:24-07:00</auditDate><auditID>ADMIN</auditID><auditStatus>A</auditStatus></auditModel><description>PAA</description><standardChoiceName>EMSE_VARIABLE_BRANCH_PREFIX</standardChoiceName><standardChoiceValueI18NModels/><value>ParcelAddAfter</value></standardChoiceValue><standardChoiceValue refId="25@StandardChoiceValueModel"><sequenceNBR>105005880</sequenceNBR><serviceProviderCode>SCRIPT20</serviceProviderCode><auditModel><auditDate>2015-09-03T13:34:24-07:00</auditDate><auditID>ADMIN</auditID><auditStatus>A</auditStatus></auditModel><description>PAB</description><standardChoiceName>EMSE_VARIABLE_BRANCH_PREFIX</standardChoiceName><standardChoiceValueI18NModels/><value>ParcelAddBefore</value></standardChoiceValue><standardChoiceValue refId="26@StandardChoiceValueModel"><sequenceNBR>105005881</sequenceNBR><serviceProviderCode>SCRIPT20</serviceProviderCode><auditModel><auditDate>2015-09-03T13:34:24-07:00</auditDate><auditID>ADMIN</auditID><auditStatus>A</auditStatus></auditModel><description>PUA</description><standardChoiceName>EMSE_VARIABLE_BRANCH_PREFIX</standardChoiceName><standardChoiceValueI18NModels/><value>ParcelUpdateAfter</value></standardChoiceValue><standardChoiceValue refId="27@StandardChoiceValueModel"><sequenceNBR>105005882</sequenceNBR><serviceProviderCode>SCRIPT20</serviceProviderCode><auditModel><auditDate>2015-09-03T13:34:24-07:00</auditDate><auditID>ADMIN</auditID><auditStatus>A</auditStatus></auditModel><description>PPA</description><standardChoiceName>EMSE_VARIABLE_BRANCH_PREFIX</standardChoiceName><standardChoiceValueI18NModels/><value>PaymentProcessingAfter</value></standardChoiceValue><standardChoiceValue refId="28@StandardChoiceValueModel"><sequenceNBR>105005883</sequenceNBR><serviceProviderCode>SCRIPT20</serviceProviderCode><auditModel><auditDate>2015-09-03T13:34:24-07:00</auditDate><auditID>ADMIN</auditID><auditStatus>A</auditStatus></auditModel><description>PPB</description><standardChoiceName>EMSE_VARIABLE_BRANCH_PREFIX</standardChoiceName><standardChoiceValueI18NModels/><value>PaymentProcessingBefore</value></standardChoiceValue><standardChoiceValue refId="29@StandardChoiceValueModel"><sequenceNBR>105005884</sequenceNBR><serviceProviderCode>SCRIPT20</serviceProviderCode><auditModel><auditDate>2015-09-03T13:34:24-07:00</auditDate><auditID>ADMIN</auditID><auditStatus>A</auditStatus></auditModel><description>PRB</description><standardChoiceName>EMSE_VARIABLE_BRANCH_PREFIX</standardChoiceName><standardChoiceValueI18NModels/><value>PaymentReceiveBefore</value></standardChoiceValue><standardChoiceValue refId="30@StandardChoiceValueModel"><sequenceNBR>105005885</sequenceNBR><serviceProviderCode>SCRIPT20</serviceProviderCode><auditModel><auditDate>2015-09-03T13:34:24-07:00</auditDate><auditID>ADMIN</auditID><auditStatus>A</auditStatus></auditModel><description>RSA</description><standardChoiceName>EMSE_VARIABLE_BRANCH_PREFIX</standardChoiceName><standardChoiceValueI18NModels/><value>RegistrationSubmitAfter</value></standardChoiceValue><standardChoiceValue refId="31@StandardChoiceValueModel"><sequenceNBR>105005886</sequenceNBR><serviceProviderCode>SCRIPT20</serviceProviderCode><auditModel><auditDate>2015-09-03T13:34:24-07:00</auditDate><auditID>ADMIN</auditID><auditStatus>A</auditStatus></auditModel><description>TAAA</description><standardChoiceName>EMSE_VARIABLE_BRANCH_PREFIX</standardChoiceName><standardChoiceValueI18NModels/><value>TimeAccountingAddAfter</value></standardChoiceValue><standardChoiceValue refId="32@StandardChoiceValueModel"><sequenceNBR>105005887</sequenceNBR><serviceProviderCode>SCRIPT20</serviceProviderCode><auditModel><auditDate>2015-09-03T13:34:24-07:00</auditDate><auditID>ADMIN</auditID><auditStatus>A</auditStatus></auditModel><description>TAUA</description><standardChoiceName>EMSE_VARIABLE_BRANCH_PREFIX</standardChoiceName><standardChoiceValueI18NModels/><value>TimeAccountingUpdateAfter</value></standardChoiceValue><standardChoiceValue refId="33@StandardChoiceValueModel"><sequenceNBR>105005889</sequenceNBR><serviceProviderCode>SCRIPT20</serviceProviderCode><auditModel><auditDate>2015-09-03T13:34:24-07:00</auditDate><auditID>ADMIN</auditID><auditStatus>A</auditStatus></auditModel><description>VPA</description><standardChoiceName>EMSE_VARIABLE_BRANCH_PREFIX</standardChoiceName><standardChoiceValueI18NModels/><value>VoidPaymentAfter</value></standardChoiceValue><standardChoiceValue refId="34@StandardChoiceValueModel"><sequenceNBR>105005890</sequenceNBR><serviceProviderCode>SCRIPT20</serviceProviderCode><auditModel><auditDate>2015-09-03T13:34:24-07:00</auditDate><auditID>ADMIN</auditID><auditStatus>A</auditStatus></auditModel><description>VPB</description><standardChoiceName>EMSE_VARIABLE_BRANCH_PREFIX</standardChoiceName><standardChoiceValueI18NModels/><value>VoidPaymentBefore</value></standardChoiceValue><standardChoiceValue refId="35@StandardChoiceValueModel"><sequenceNBR>105005891</sequenceNBR><serviceProviderCode>SCRIPT20</serviceProviderCode><auditModel><auditDate>2015-09-03T13:34:24-07:00</auditDate><auditID>ADMIN</auditID><auditStatus>A</auditStatus></auditModel><description>AIUA</description><standardChoiceName>EMSE_VARIABLE_BRANCH_PREFIX</standardChoiceName><standardChoiceValueI18NModels/><value>AdditionalInfoUpdateAfter</value></standardChoiceValue><standardChoiceValue refId="36@StandardChoiceValueModel"><sequenceNBR>105005892</sequenceNBR><serviceProviderCode>SCRIPT20</serviceProviderCode><auditModel><auditDate>2015-09-03T13:34:24-07:00</auditDate><auditID>ADMIN</auditID><auditStatus>A</auditStatus></auditModel><description>AIUB</description><standardChoiceName>EMSE_VARIABLE_BRANCH_PREFIX</standardChoiceName><standardChoiceValueI18NModels/><value>AdditionalInfoUpdateBefore</value></standardChoiceValue><standardChoiceValue refId="37@StandardChoiceValueModel"><sequenceNBR>105005893</sequenceNBR><serviceProviderCode>SCRIPT20</serviceProviderCode><auditModel><auditDate>2015-09-03T13:34:24-07:00</auditDate><auditID>ADMIN</auditID><auditStatus>A</auditStatus></auditModel><description>ACDB</description><standardChoiceName>EMSE_VARIABLE_BRANCH_PREFIX</standardChoiceName><standardChoiceValueI18NModels/><value>ApplicationConditionDeleteBefore</value></standardChoiceValue><standardChoiceValue refId="38@StandardChoiceValueModel"><sequenceNBR>105005894</sequenceNBR><serviceProviderCode>SCRIPT20</serviceProviderCode><auditModel><auditDate>2015-09-03T13:34:24-07:00</auditDate><auditID>ADMIN</auditID><auditStatus>A</auditStatus></auditModel><description>ACUB</description><standardChoiceName>EMSE_VARIABLE_BRANCH_PREFIX</standardChoiceName><standardChoiceValueI18NModels/><value>ApplicationConditionUpdateBefore</value></standardChoiceValue><standardChoiceValue refId="39@StandardChoiceValueModel"><sequenceNBR>105005895</sequenceNBR><serviceProviderCode>SCRIPT20</serviceProviderCode><auditModel><auditDate>2015-09-03T13:34:24-07:00</auditDate><auditID>ADMIN</auditID><auditStatus>A</auditStatus></auditModel><description>ASIUB</description><standardChoiceName>EMSE_VARIABLE_BRANCH_PREFIX</standardChoiceName><standardChoiceValueI18NModels/><value>ApplicationSpecificInfoUpdateBefore</value></standardChoiceValue><standardChoiceValue refId="40@StandardChoiceValueModel"><sequenceNBR>105005896</sequenceNBR><serviceProviderCode>SCRIPT20</serviceProviderCode><auditModel><auditDate>2015-09-03T13:34:24-07:00</auditDate><auditID>ADMIN</auditID><auditStatus>A</auditStatus></auditModel><description>ASUB</description><standardChoiceName>EMSE_VARIABLE_BRANCH_PREFIX</standardChoiceName><standardChoiceValueI18NModels/><value>ApplicationStatusUpdateBefore</value></standardChoiceValue><standardChoiceValue refId="41@StandardChoiceValueModel"><sequenceNBR>105005897</sequenceNBR><serviceProviderCode>SCRIPT20</serviceProviderCode><auditModel><auditDate>2015-09-03T13:34:24-07:00</auditDate><auditID>ADMIN</auditID><auditStatus>A</auditStatus></auditModel><description>CAA</description><standardChoiceName>EMSE_VARIABLE_BRANCH_PREFIX</standardChoiceName><standardChoiceValueI18NModels/><value>ContactAddAfter</value></standardChoiceValue><standardChoiceValue refId="42@StandardChoiceValueModel"><sequenceNBR>105005898</sequenceNBR><serviceProviderCode>SCRIPT20</serviceProviderCode><auditModel><auditDate>2015-09-03T13:34:24-07:00</auditDate><auditID>ADMIN</auditID><auditStatus>A</auditStatus></auditModel><description>CUB</description><standardChoiceName>EMSE_VARIABLE_BRANCH_PREFIX</standardChoiceName><standardChoiceValueI18NModels/><value>ContactAddBefore</value></standardChoiceValue><standardChoiceValue refId="43@StandardChoiceValueModel"><sequenceNBR>105005899</sequenceNBR><serviceProviderCode>SCRIPT20</serviceProviderCode><auditModel><auditDate>2015-09-03T13:34:24-07:00</auditDate><auditID>ADMIN</auditID><auditStatus>A</auditStatus></auditModel><description>CEA</description><standardChoiceName>EMSE_VARIABLE_BRANCH_PREFIX</standardChoiceName><standardChoiceValueI18NModels/><value>ContactEditAfter</value></standardChoiceValue><standardChoiceValue refId="44@StandardChoiceValueModel"><sequenceNBR>105005900</sequenceNBR><serviceProviderCode>SCRIPT20</serviceProviderCode><auditModel><auditDate>2015-09-03T13:34:24-07:00</auditDate><auditID>ADMIN</auditID><auditStatus>A</auditStatus></auditModel><description>CEB</description><standardChoiceName>EMSE_VARIABLE_BRANCH_PREFIX</standardChoiceName><standardChoiceValueI18NModels/><value>ContactEditBefore</value></standardChoiceValue><standardChoiceValue refId="45@StandardChoiceValueModel"><sequenceNBR>105005901</sequenceNBR><serviceProviderCode>SCRIPT20</serviceProviderCode><auditModel><auditDate>2015-09-03T13:34:24-07:00</auditDate><auditID>ADMIN</auditID><auditStatus>A</auditStatus></auditModel><description>CRA</description><standardChoiceName>EMSE_VARIABLE_BRANCH_PREFIX</standardChoiceName><standardChoiceValueI18NModels/><value>ContactRemoveAfter</value></standardChoiceValue><standardChoiceValue refId="46@StandardChoiceValueModel"><sequenceNBR>105005902</sequenceNBR><serviceProviderCode>SCRIPT20</serviceProviderCode><auditModel><auditDate>2015-09-03T13:34:24-07:00</auditDate><auditID>ADMIN</auditID><auditStatus>A</auditStatus></auditModel><description>CRB</description><standardChoiceName>EMSE_VARIABLE_BRANCH_PREFIX</standardChoiceName><standardChoiceValueI18NModels/><value>ContactRemoveBefore</value></standardChoiceValue><standardChoiceValue refId="47@StandardChoiceValueModel"><sequenceNBR>105005903</sequenceNBR><serviceProviderCode>SCRIPT20</serviceProviderCode><auditModel><auditDate>2015-09-03T13:34:24-07:00</auditDate><auditID>ADMIN</auditID><auditStatus>A</auditStatus></auditModel><description>DUB</description><standardChoiceName>EMSE_VARIABLE_BRANCH_PREFIX</standardChoiceName><standardChoiceValueI18NModels/><value>DocumentUploadBefore</value></standardChoiceValue><standardChoiceValue refId="48@StandardChoiceValueModel"><sequenceNBR>105005904</sequenceNBR><serviceProviderCode>SCRIPT20</serviceProviderCode><auditModel><auditDate>2015-09-03T13:34:24-07:00</auditDate><auditID>ADMIN</auditID><auditStatus>A</auditStatus></auditModel><description>FAA</description><standardChoiceName>EMSE_VARIABLE_BRANCH_PREFIX</standardChoiceName><standardChoiceValueI18NModels/><value>FeeAssessAfter</value></standardChoiceValue><standardChoiceValue refId="49@StandardChoiceValueModel"><sequenceNBR>105005905</sequenceNBR><serviceProviderCode>SCRIPT20</serviceProviderCode><auditModel><auditDate>2015-09-03T13:34:24-07:00</auditDate><auditID>ADMIN</auditID><auditStatus>A</auditStatus></auditModel><description>FAB</description><standardChoiceName>EMSE_VARIABLE_BRANCH_PREFIX</standardChoiceName><standardChoiceValueI18NModels/><value>FeeAssessBefore</value></standardChoiceValue><standardChoiceValue refId="50@StandardChoiceValueModel"><sequenceNBR>105005906</sequenceNBR><serviceProviderCode>SCRIPT20</serviceProviderCode><auditModel><auditDate>2015-09-03T13:34:24-07:00</auditDate><auditID>ADMIN</auditID><auditStatus>A</auditStatus></auditModel><description>FEA</description><standardChoiceName>EMSE_VARIABLE_BRANCH_PREFIX</standardChoiceName><standardChoiceValueI18NModels/><value>FeeEstimateAfter4ACA</value></standardChoiceValue><standardChoiceValue refId="51@StandardChoiceValueModel"><sequenceNBR>105005907</sequenceNBR><serviceProviderCode>SCRIPT20</serviceProviderCode><auditModel><auditDate>2015-09-03T13:34:24-07:00</auditDate><auditID>ADMIN</auditID><auditStatus>A</auditStatus></auditModel><description>ISB</description><standardChoiceName>EMSE_VARIABLE_BRANCH_PREFIX</standardChoiceName><standardChoiceValueI18NModels/><value>InspectionScheduleBefore</value></standardChoiceValue><standardChoiceValue refId="52@StandardChoiceValueModel"><sequenceNBR>105005908</sequenceNBR><serviceProviderCode>SCRIPT20</serviceProviderCode><auditModel><auditDate>2015-09-03T13:34:24-07:00</auditDate><auditID>ADMIN</auditID><auditStatus>A</auditStatus></auditModel><description>IRSB</description><standardChoiceName>EMSE_VARIABLE_BRANCH_PREFIX</standardChoiceName><standardChoiceValueI18NModels/><value>InspectionResultModifyBefore</value></standardChoiceValue><standardChoiceValue refId="53@StandardChoiceValueModel"><sequenceNBR>105005909</sequenceNBR><serviceProviderCode>SCRIPT20</serviceProviderCode><auditModel><auditDate>2015-09-03T13:34:24-07:00</auditDate><auditID>ADMIN</auditID><auditStatus>A</auditStatus></auditModel><description>IRSB</description><standardChoiceName>EMSE_VARIABLE_BRANCH_PREFIX</standardChoiceName><standardChoiceValueI18NModels/><value>InspectionResultSubmitBefore</value></standardChoiceValue><standardChoiceValue refId="54@StandardChoiceValueModel"><sequenceNBR>105005910</sequenceNBR><serviceProviderCode>SCRIPT20</serviceProviderCode><auditModel><auditDate>2015-09-03T13:34:24-07:00</auditDate><auditID>ADMIN</auditID><auditStatus>A</auditStatus></auditModel><description>IFA</description><standardChoiceName>EMSE_VARIABLE_BRANCH_PREFIX</standardChoiceName><standardChoiceValueI18NModels/><value>InvoiceFeeAfter</value></standardChoiceValue><standardChoiceValue refId="55@StandardChoiceValueModel"><sequenceNBR>105005911</sequenceNBR><serviceProviderCode>SCRIPT20</serviceProviderCode><auditModel><auditDate>2015-09-03T13:34:24-07:00</auditDate><auditID>ADMIN</auditID><auditStatus>A</auditStatus></auditModel><description>LLSA</description><standardChoiceName>EMSE_VARIABLE_BRANCH_PREFIX</standardChoiceName><standardChoiceValueI18NModels/><value>LicProfLookupSubmitAfter</value></standardChoiceValue><standardChoiceValue refId="56@StandardChoiceValueModel"><sequenceNBR>105005912</sequenceNBR><serviceProviderCode>SCRIPT20</serviceProviderCode><auditModel><auditDate>2015-09-03T13:34:24-07:00</auditDate><auditID>ADMIN</auditID><auditStatus>A</auditStatus></auditModel><description>LLSB</description><standardChoiceName>EMSE_VARIABLE_BRANCH_PREFIX</standardChoiceName><standardChoiceValueI18NModels/><value>LicProfLookupSubmitBefore</value></standardChoiceValue><standardChoiceValue refId="57@StandardChoiceValueModel"><sequenceNBR>105005913</sequenceNBR><serviceProviderCode>SCRIPT20</serviceProviderCode><auditModel><auditDate>2015-09-03T13:34:24-07:00</auditDate><auditID>ADMIN</auditID><auditStatus>A</auditStatus></auditModel><description>LPUB</description><standardChoiceName>EMSE_VARIABLE_BRANCH_PREFIX</standardChoiceName><standardChoiceValueI18NModels/><value>LicProfUpdateBefore</value></standardChoiceValue><standardChoiceValue refId="58@StandardChoiceValueModel"><sequenceNBR>105005914</sequenceNBR><serviceProviderCode>SCRIPT20</serviceProviderCode><auditModel><auditDate>2015-09-03T13:34:24-07:00</auditDate><auditID>ADMIN</auditID><auditStatus>A</auditStatus></auditModel><description>LPUA</description><standardChoiceName>EMSE_VARIABLE_BRANCH_PREFIX</standardChoiceName><standardChoiceValueI18NModels/><value>LicProfUpdateAfter</value></standardChoiceValue><standardChoiceValue refId="59@StandardChoiceValueModel"><sequenceNBR>105005915</sequenceNBR><serviceProviderCode>SCRIPT20</serviceProviderCode><auditModel><auditDate>2015-09-03T13:34:24-07:00</auditDate><auditID>ADMIN</auditID><auditStatus>A</auditStatus></auditModel><description>ISA</description><standardChoiceName>EMSE_VARIABLE_BRANCH_PREFIX</standardChoiceName><standardChoiceValueI18NModels/><value>InspectionMultipleScheduleAfter</value></standardChoiceValue><standardChoiceValue refId="60@StandardChoiceValueModel"><sequenceNBR>105005916</sequenceNBR><serviceProviderCode>SCRIPT20</serviceProviderCode><auditModel><auditDate>2015-09-03T13:34:24-07:00</auditDate><auditID>ADMIN</auditID><auditStatus>A</auditStatus></auditModel><description>IRSB</description><standardChoiceName>EMSE_VARIABLE_BRANCH_PREFIX</standardChoiceName><standardChoiceValueI18NModels/><value>V360InspectionResultSubmitBefore</value></standardChoiceValue><standardChoiceValue refId="61@StandardChoiceValueModel"><sequenceNBR>105005917</sequenceNBR><serviceProviderCode>SCRIPT20</serviceProviderCode><auditModel><auditDate>2015-09-03T13:34:24-07:00</auditDate><auditID>ADMIN</auditID><auditStatus>A</auditStatus></auditModel><description>ISB</description><standardChoiceName>EMSE_VARIABLE_BRANCH_PREFIX</standardChoiceName><standardChoiceValueI18NModels/><value>InspectionMultipleScheduleBefore</value></standardChoiceValue><standardChoiceValue refId="62@StandardChoiceValueModel"><sequenceNBR>841146117</sequenceNBR><serviceProviderCode>SCRIPT20</serviceProviderCode><auditModel><auditDate>2016-01-11T16:20:41-08:00</auditDate><auditID>ADMIN</auditID><auditStatus>A</auditStatus></auditModel><description>DRUA</description><standardChoiceName>EMSE_VARIABLE_BRANCH_PREFIX</standardChoiceName><standardChoiceValueI18NModels/><value>DocumentReviewUpdateAfter</value></standardChoiceValue><standardChoiceValue refId="63@StandardChoiceValueModel"><sequenceNBR>841146118</sequenceNBR><serviceProviderCode>SCRIPT20</serviceProviderCode><auditModel><auditDate>2016-01-11T16:21:06-08:00</auditDate><auditID>ADMIN</auditID><auditStatus>A</auditStatus></auditModel><description>EDRC</description><standardChoiceName>EMSE_VARIABLE_BRANCH_PREFIX</standardChoiceName><standardChoiceValueI18NModels/><value>ExternalDocReviewCompleted</value></standardChoiceValue><standardChoiceValue refId="64@StandardChoiceValueModel"><sequenceNBR>841146119</sequenceNBR><serviceProviderCode>SCRIPT20</serviceProviderCode><auditModel><auditDate>2016-01-11T16:21:31-08:00</auditDate><auditID>ADMIN</auditID><auditStatus>A</auditStatus></auditModel><description>UCTB</description><standardChoiceName>EMSE_VARIABLE_BRANCH_PREFIX</standardChoiceName><standardChoiceValueI18NModels/><value>UpdateContactTypeBefore</value></standardChoiceValue></standardChoiceValueModels><type>SystemSwitch</type><valueSize>0</valueSize></standardChoice>
<standardChoice refId="1@StandardChoiceModel"><name>EMSE_EXECUTE_OPTIONS</name><serviceProviderCode>SCRIPT20</serviceProviderCode><auditModel><auditDate>2016-01-11T16:11:10-08:00</auditDate><auditID>ADMIN</auditID><auditStatus>A</auditStatus></auditModel><standardChoiceValueModels><standardChoiceValue refId="2@StandardChoiceValueModel"><sequenceNBR>105005786</sequenceNBR><serviceProviderCode>SCRIPT20</serviceProviderCode><auditModel><auditDate>2016-01-11T16:11:10-08:00</auditDate><auditID>ADMIN</auditID><auditStatus>A</auditStatus></auditModel><standardChoiceName>EMSE_EXECUTE_OPTIONS</standardChoiceName><standardChoiceValueI18NModels/><value>SCRIPT</value></standardChoiceValue><standardChoiceValue refId="3@StandardChoiceValueModel"><sequenceNBR>105005787</sequenceNBR><serviceProviderCode>SCRIPT20</serviceProviderCode><auditModel><auditDate>2016-01-11T16:11:10-08:00</auditDate><auditID>ADMIN</auditID><auditStatus>A</auditStatus></auditModel><standardChoiceName>EMSE_EXECUTE_OPTIONS</standardChoiceName><standardChoiceValueI18NModels/><value>STD_CHOICE</value></standardChoiceValue></standardChoiceValueModels><type>SystemSwitch</type><valueSize>0</valueSize></standardChoice>
<standardChoice refId="1@StandardChoiceModel"><name>EMSEToolConfig</name><serviceProviderCode>SCRIPT20</serviceProviderCode><auditModel><auditDate>2016-01-11T16:22:03-08:00</auditDate><auditID>ADMIN</auditID><auditStatus>A</auditStatus></auditModel><standardChoiceValueModels><standardChoiceValue refId="2@StandardChoiceValueModel"><sequenceNBR>841146116</sequenceNBR><serviceProviderCode>SCRIPT20</serviceProviderCode><auditModel><auditDate>2016-01-11T16:22:03-08:00</auditDate><auditID>ADMIN</auditID><auditStatus>A</auditStatus></auditModel><standardChoiceName>EMSEToolConfig</standardChoiceName><standardChoiceValueI18NModels/><value>agency_repo_username</value></standardChoiceValue><standardChoiceValue refId="3@StandardChoiceValueModel"><sequenceNBR>841146120</sequenceNBR><serviceProviderCode>SCRIPT20</serviceProviderCode><auditModel><auditDate>2016-01-11T16:22:11-08:00</auditDate><auditID>ADMIN</auditID><auditStatus>A</auditStatus></auditModel><standardChoiceName>EMSEToolConfig</standardChoiceName><standardChoiceValueI18NModels/><value>master_repo_password</value></standardChoiceValue><standardChoiceValue refId="4@StandardChoiceValueModel"><sequenceNBR>841146121</sequenceNBR><serviceProviderCode>SCRIPT20</serviceProviderCode><auditModel><auditDate>2016-01-11T16:22:27-08:00</auditDate><auditID>ADMIN</auditID><auditStatus>A</auditStatus></auditModel><standardChoiceName>EMSEToolConfig</standardChoiceName><standardChoiceValueI18NModels/><value>master_repo_username</value></standardChoiceValue><standardChoiceValue refId="5@StandardChoiceValueModel"><sequenceNBR>841146122</sequenceNBR><serviceProviderCode>SCRIPT20</serviceProviderCode><auditModel><auditDate>2016-01-11T16:22:39-08:00</auditDate><auditID>ADMIN</auditID><auditStatus>A</auditStatus></auditModel><standardChoiceName>EMSEToolConfig</standardChoiceName><standardChoiceValueI18NModels/><value>master_url_svn</value></standardChoiceValue><standardChoiceValue refId="6@StandardChoiceValueModel"><sequenceNBR>841146123</sequenceNBR><serviceProviderCode>SCRIPT20</serviceProviderCode><auditModel><auditDate>2016-01-11T16:22:48-08:00</auditDate><auditID>ADMIN</auditID><auditStatus>A</auditStatus></auditModel><standardChoiceName>EMSEToolConfig</standardChoiceName><standardChoiceValueI18NModels/><value>master_url_git</value></standardChoiceValue><standardChoiceValue refId="7@StandardChoiceValueModel"><sequenceNBR>841146124</sequenceNBR><serviceProviderCode>SCRIPT20</serviceProviderCode><auditModel><auditDate>2016-01-11T16:22:58-08:00</auditDate><auditID>ADMIN</auditID><auditStatus>A</auditStatus></auditModel><standardChoiceName>EMSEToolConfig</standardChoiceName><standardChoiceValueI18NModels/><value>agency_url_git</value></standardChoiceValue><standardChoiceValue refId="8@StandardChoiceValueModel"><sequenceNBR>841146114</sequenceNBR><serviceProviderCode>SCRIPT20</serviceProviderCode><auditModel><auditDate>2016-01-11T16:22:03-08:00</auditDate><auditID>ADMIN</auditID><auditStatus>A</auditStatus></auditModel><standardChoiceName>EMSEToolConfig</standardChoiceName><standardChoiceValueI18NModels/><value>agency_url_svn</value></standardChoiceValue><standardChoiceValue refId="9@StandardChoiceValueModel"><sequenceNBR>841146115</sequenceNBR><serviceProviderCode>SCRIPT20</serviceProviderCode><auditModel><auditDate>2016-01-11T16:22:03-08:00</auditDate><auditID>ADMIN</auditID><auditStatus>A</auditStatus></auditModel><standardChoiceName>EMSEToolConfig</standardChoiceName><standardChoiceValueI18NModels/><value>agency_repo_password</value></standardChoiceValue></standardChoiceValueModels><type>SystemSwitch</type><valueSize>0</valueSize></standardChoice>
</list>